Weights,Test MSE,Hidden Layers,Learning Rate,Batch Size,Epochs (Early Stop),Training Time (s)
100,1.059e-05,1,0.1,64,19,0.7460412979125977
300,7.062e-07,1,0.01,128,44,0.8038654327392578
600,5.203e-02,3,0.001,256,62,0.8787646293640137
1000,1.092e-06,1,0.01,64,38,1.1489720344543457
3000,2.676e-08,1,0.01,64,46,1.626039743423462
6000,1.440e-07,1,0.01,128,92,1.8181512355804443
10000,1.758e-08,2,0.0001,64,203,6.202452898025513
30000,2.791e-08,2,0.001,512,147,2.1602237224578857
