Weights,Test MSE,Hidden Layers,Learning Rate,Batch Size,Epochs (Early Stop),Training Time (s)
100,1.846e-04,1,0.01,128,18,0.5485212802886963
300,1.804e-04,1,0.01,512,51,0.5277807712554932
600,1.788e-06,1,0.01,256,45,0.6213638782501221
1000,8.828e-07,1,0.01,256,118,1.246666669845581
3000,2.049e-07,1,0.01,256,79,1.193962812423706
6000,1.917e-08,1,0.01,128,85,1.5408918857574463
10000,4.575e-08,1,0.001,64,155,4.679589033126831
30000,7.473e-08,2,0.0001,64,132,5.6060545444488525
