Weights,Validation MSE,Hidden Layers,Learning Rate,Batch Size,Epochs,Training Time (s)
100,3.125e-04,1,0.1,64,10,2.296859920024872
300,1.147e-05,1,0.01,128,50,3.0097036957740784
600,4.279e-06,3,0.001,256,150,4.9879173040390015
1000,1.051e-06,1,0.01,64,100,7.714873671531677
3000,9.508e-08,1,0.01,64,200,15.715235233306885
6000,7.373e-08,1,0.01,128,200,9.939177632331848
10000,3.259e-08,2,0.0001,64,300,27.866000831127167
30000,1.511e-08,2,0.001,512,500,24.044717133045197
