Weights,Validation MSE,Hidden Layers,Learning Rate,Batch Size,Epochs,Training Time (s)
100,1.352e-04,1,0.01,512,100,2.3569487929344177
300,7.475e-06,1,0.01,64,50,3.9272506833076477
600,6.853e-06,1,0.01,512,50,1.9704821705818176
1000,6.645e-07,1,0.01,128,50,3.1022074222564697
3000,5.634e-08,1,0.01,256,200,6.0775026679039
6000,4.215e-08,2,0.001,64,100,9.178462028503418
10000,2.998e-08,2,0.0001,64,300,28.00562745332718
30000,2.720e-09,1,0.0001,64,500,72.03915441036224
