Weights,Validation MSE,Hidden Layers,Learning Rate,Batch Size,Epochs,Training Time (s)
100,1.122e-04,1,0.1,64,10,2.2828972935676575
300,2.533e-05,1,0.01,64,50,4.055407822132111
600,3.237e-06,1,0.01,64,50,4.5009671449661255
1000,1.328e-06,1,0.01,64,50,3.916279911994934
3000,1.945e-07,1,0.01,64,150,8.1163010597229
6000,5.214e-08,2,0.001,128,200,9.737216711044312
10000,1.925e-08,2,0.001,128,175,9.316592335700989
30000,8.194e-09,2,0.001,512,500,23.20022451877594
