Weights,Test MSE,Hidden Layers,Learning Rate,Batch Size,Epochs (Early Stop),Training Time (s)
100,2.470e-04,1,0.1,64,8,0.7430009841918945
300,1.495e-04,1,0.01,64,30,1.1080377101898193
600,3.911e-06,1,0.01,64,52,1.6815402507781982
1000,1.512e-06,1,0.01,64,44,1.3294849395751953
3000,1.827e-07,1,0.01,64,57,1.8420815467834473
6000,8.677e-08,2,0.001,128,120,2.2015414237976074
10000,2.395e-07,2,0.001,128,88,1.9459552764892578
30000,1.394e-07,2,0.001,512,190,2.3299968242645264
