Weights,Test MSE,Hidden Layers,Learning Rate,Batch Size,Epochs (Early Stop),Training Time (s)
100,1.479e-04,1,0.01,512,58,0.6104931831359863
300,1.412e-04,1,0.01,64,24,0.9407603740692139
600,1.419e-06,1,0.01,512,163,1.2575323581695557
1000,3.528e-07,1,0.01,128,41,0.9909560680389404
3000,7.962e-08,1,0.01,256,200,2.26175594329834
6000,2.955e-08,2,0.001,64,69,2.1043789386749268
10000,8.749e-09,2,0.0001,64,210,5.8366522789001465
30000,5.835e-09,1,0.0001,64,302,11.972078084945679
