Weights,Test MSE,Hidden Layers,Learning Rate,Batch Size,Epochs (Early Stop),Training Time (s)
100,4.350e-02,1,0.1,512,14,0.364058256149292
300,6.609e-06,1,0.1,512,48,0.5096380710601807
600,2.585e-05,1,0.01,512,142,1.0222320556640625
1000,1.736e-06,1,0.01,128,77,1.4052433967590332
3000,1.038e-08,1,0.01,64,31,1.0692827701568604
6000,3.695e-08,1,0.01,256,180,2.0936295986175537
10000,2.099e-08,2,0.001,128,68,1.9288158416748047
30000,1.130e-08,2,0.001,128,73,2.1273105144500732
