Weights,Validation MSE,Hidden Layers,Learning Rate,Batch Size,Epochs,Training Time (s)
100,1.638e-04,1,0.01,128,50,2.905482530593872
300,7.964e-06,1,0.01,512,50,1.767275333404541
600,2.236e-06,1,0.01,256,150,4.122229039669037
1000,8.485e-07,1,0.01,256,150,5.533206939697266
3000,4.298e-08,1,0.01,256,150,4.81014084815979
6000,4.890e-08,1,0.01,128,100,5.380864262580872
10000,3.236e-08,1,0.001,64,175,13.389453649520874
30000,9.437e-09,2,0.0001,64,500,74.78506356477737
