Weights,Test MSE,Hidden Layers,Learning Rate,Batch Size,Epochs (Early Stop),Training Time (s)
100,5.369e-02,1,0.01,64,10,0.5555174350738525
300,1.873e-04,1,0.1,512,26,0.5674543380737305
600,1.111e-06,1,0.01,64,32,1.1748614311218262
1000,7.045e-06,1,0.01,256,60,0.9175455570220947
3000,1.355e-07,1,0.01,512,253,1.7973358631134033
6000,1.272e-07,2,0.001,64,66,2.2699429988861084
10000,9.464e-08,2,0.0001,64,194,6.126740455627441
30000,1.008e-07,1,0.0001,64,285,11.246944904327393
